{"schemaVersion":"1.0","appDefinitionTemplate":{"id":"/providers/Microsoft.PowerApps/apps/","type":"Microsoft.PowerApps/apps","tags":{"primaryDeviceWidth":"1366","primaryDeviceHeight":"768","sienaVersion":"20220312T120811Z-3.22021.27.0","deviceCapabilities":"","supportsPortrait":"true","supportsLandscape":"true","primaryFormFactor":"Tablet","publisherVersion":"3.22021.27","minimumRequiredApiVersion":"2.2.0","hasComponent":"false","hasUnlockedComponent":"false","isUnifiedRootApp":"false"},"properties":{"appVersion":"2022-03-12T12:08:11Z","lifeCycleId":"Published","createdByClientVersion":{"major":3,"minor":22021,"build":27,"revision":0,"majorRevision":0,"minorRevision":0},"minClientVersion":{"major":3,"minor":22021,"build":27,"revision":0,"majorRevision":0,"minorRevision":0},"backgroundColor":"RGBA(0,176,240,1)","backgroundImageUri":"/4021168998861362997/N45f4a838-c51f-43e4-b756-72513c22b5f0-logoSmallFile","displayName":"Let'sGainPoints","description":"","commitMessage":"","appUris":{"documentUri":{"value":"/4021168998861362997/N135fd3d2-b667-43d0-910b-d786c6014853-document.msapp"},"imageUris":[]},"createdTime":"0001-01-01T00:00:00Z","lastModifiedTime":"0001-01-01T00:00:00Z","sharedGroupsCount":0,"sharedUsersCount":0,"icons":{"smallIconUri":"/4021168998861362997/N6787871a-f86b-4ddb-93ef-4e0c6ee3baa2-small.png","mediumIconUri":"/4021168998861362997/N568e1256-a2f2-4c99-a3e5-fb2c299cefbe-medium.png","largeIconUri":"/4021168998861362997/N56ed95ba-72c5-42e2-bf7d-6df2be897190-large.png","wideIconUri":"/4021168998861362997/N27323d32-3773-462e-9f0c-7b8a8457004f-wide.png"},"connectionReferences":{"0d07e9e6-4d30-4178-88b1-e5d103c68b88":{"id":"5e1db665-5d28-464f-8d92-aca8055b6483","displayName":"SharePoint","iconUri":"https://connectoricons-prod.azureedge.net/releases/v1.0.1554/1.0.1554.2707/sharepointonline/icon.png","dataSources":["SalesData1"],"dependencies":[],"dependents":[],"parameterHints":{},"parameterHintsV2":{},"isOnPremiseConnection":false,"dataSets":{"https://wtech089.sharepoint.com/sites/Let'sGainPoint":{"dataSources":{"SalesData1":{"tableName":"e61cb393-97df-45c2-917b-ed53fa327ee2"}}}},"apiTier":"Standard","isCustomApiConnection":false,"actions":["providers/PowerPlatform.Governance/Operations/Read"]}},"databaseReferences":{},"almMode":"Solution","performanceOptimizationEnabled":true,"canConsumeAppPass":true,"executionRestrictions":{"isTeamsOnly":false,"dataLossPreventionEvaluationResult":{"status":"Compliant","lastEvaluationDate":"2022-03-12T12:08:26.8707308Z","violations":[],"violationsByPolicy":[],"violationErrorMessage":"The app uses the following connectors: shared_sharepointonline."}}},"appType":"ClassicCanvasApp","appComponents":[]}}